{
  "Q3.3.1" : {
    "MaeForK=100" : 0.7537400906694126,
    "MaeForK=200" : 0.734624743681844
  },
  "Q3.3.2" : {
    "DurationInMicrosecForComputingKNN" : {
      "min" : 1.9164065032E7,
      "max" : 2.3322306712E7,
      "average" : 2.13042441926E7,
      "stddev" : 1335633.6831488642
    }
  },
  "Q3.3.3" : {
    "DurationInMicrosecForComputingPredictions" : {
      "min" : 2.46755553765E8,
      "max" : 2.67170011217E8,
      "average" : 2.58768013149E8,
      "stddev" : 7879966.607248537
    }
  }
}