{
  "Q3.3.1" : {
    "MaeForK=100" : 0.7562595282330156,
    "MaeForK=200" : 0.748457048681886
  },
  "Q3.3.2" : {
    "DurationInMicrosecForComputingKNN" : {
      "min" : 474366.932,
      "max" : 603588.414,
      "average" : 525984.7002000001,
      "stddev" : 46602.11543872608
    }
  },
  "Q3.3.3" : {
    "DurationInMicrosecForComputingPredictions" : {
      "min" : 3912749.986,
      "max" : 4219963.879,
      "average" : 4067212.5824,
      "stddev" : 99817.52912683983
    }
  }
}