{
  "Q3.3.1" : {
    "MaeForK=100" : 0.7537400906694126,
    "MaeForK=200" : 0.734624743681844
  },
  "Q3.3.2" : {
    "DurationInMicrosecForComputingKNN" : {
      "min" : 1.6664103605E7,
      "max" : 1.877111515E7,
      "average" : 1.80952787922E7,
      "stddev" : 740536.3909596554
    }
  },
  "Q3.3.3" : {
    "DurationInMicrosecForComputingPredictions" : {
      "min" : 8.5110513106E7,
      "max" : 8.707038808E7,
      "average" : 8.6274431778E7,
      "stddev" : 697810.3459206126
    }
  }
}