{
  "Q3.3.1" : {
    "MaeForK=100" : 0.7562595282330156,
    "MaeForK=200" : 0.748457048681886
  },
  "Q3.3.2" : {
    "DurationInMicrosecForComputingKNN" : {
      "min" : 403389.658,
      "max" : 570931.286,
      "average" : 465248.68659999996,
      "stddev" : 67202.79666476618
    }
  },
  "Q3.3.3" : {
    "DurationInMicrosecForComputingPredictions" : {
      "min" : 3754652.353,
      "max" : 4504629.376,
      "average" : 4098823.965000001,
      "stddev" : 248585.42268422488
    }
  }
}