{
  "Q3.3.1" : {
    "MaeForK=100" : 0.7562595282330156,
    "MaeForK=200" : 0.748457048681886
  },
  "Q3.3.2" : {
    "DurationInMicrosecForComputingKNN" : {
      "min" : 497986.386,
      "max" : 597423.839,
      "average" : 550555.7457999999,
      "stddev" : 36744.403884441
    }
  },
  "Q3.3.3" : {
    "DurationInMicrosecForComputingPredictions" : {
      "min" : 3078740.106,
      "max" : 3462809.64,
      "average" : 3248817.3522,
      "stddev" : 157882.130556408
    }
  }
}